,college,college_code,type,tier,tier_code,province,province_code,city,city_code,qual_student_standardized,qual_graduate_standardized,qual_reputation_standardized,qual_research_standardized,grad_sch,col_985,col_211,first_tier
0,北京大学,4111010001,综合类,本科,tier_4,北京市,11,北京市,1101,2.4571043,0.36025816,1.599493,1.8969034,1,1,1,1
1,中国人民大学,4111010002,综合类,本科,tier_4,北京市,11,北京市,1101,2.0847323,0.34874395,1.0102742,0.96257632,1,1,1,1
2,清华大学,4111010003,理工类,本科,tier_4,北京市,11,北京市,1101,2.6964863,0.36601526,1.7429115,2.1764357,1,1,1,1
3,北京交通大学,4111010004,理工类,本科,tier_4,北京市,11,北京市,1101,0.93436878,0.39375403,0.83675624,-0.25128302,1,0,1,1
4,北京工业大学,4111010005,理工类,本科,tier_4,北京市,11,北京市,1101,0.52209979,0.44923157,0.19118898,-0.66483762,0,0,1,1
5,北京航空航天大学,4111010006,理工类,本科,tier_4,北京市,11,北京市,1101,1.7256593,0.42567978,0.98403945,0.50307121,1,1,1,1
6,北京理工大学,4111010007,理工类,本科,tier_4,北京市,11,北京市,1101,1.5062258,0.38328657,1.0205915,0.27714786,1,1,1,1
7,北京科技大学,4111010008,理工类,本科,tier_4,北京市,11,北京市,1101,0.95431728,0.23046165,0.83821342,-0.01004283,1,0,1,1
8,北方工业大学,4111010009,理工类,本科,tier_4,北京市,11,北京市,1101,-0.6149647,0.38590344,-1.6633902,-0.79885994,0,0,0,0
9,北京化工大学,4111010010,理工类,本科,tier_4,北京市,11,北京市,1101,0.50880079,0.41730582,0.66322988,1.1616952,0,0,1,1
10,北京工商大学,4111010011,财经类,本科,tier_4,北京市,11,北京市,1101,-0.24259271,0.41468895,-0.044764,-0.61888711,0,0,0,0
11,北京邮电大学,4111010013,理工类,本科,tier_4,北京市,11,北京市,1101,1.2468953,0.45132506,0.80494755,0.0856874,1,0,1,1
12,北京印刷学院,4111010015,理工类,本科,tier_4,北京市,11,北京市,1101,-1.4262037,0.32100518,-1.6633902,-0.71461734,0,0,0,0
13,北京建筑大学,4111010016,理工类,本科,tier_4,北京市,11,北京市,1101,-0.44872721,0.29693002,-1.6633902,-0.78354311,0,0,0,0
14,中国农业大学,4111010019,农业类,本科,tier_4,北京市,11,北京市,1101,0.76813129,0.35293094,0.92821249,0.90130897,1,1,1,1
15,北京林业大学,4111010022,林业类,本科,tier_4,北京市,11,北京市,1101,0.56864629,0.24982645,0.59781882,-0.10194386,1,0,1,1
16,北京中医药大学,4111010026,医药类,本科,tier_4,北京市,11,北京市,1101,0.68168779,0.2508732,-1.6633902,-0.51166925,0,0,1,1
17,北京外国语大学,4111010030,语言类,本科,tier_4,北京市,11,北京市,1101,1.4862773,0.29378979,0.66322988,-1.0362709,0,0,1,1
18,中国传媒大学,4111010033,语言类,本科,tier_4,北京市,11,北京市,1101,1.0873073,0.3110611,0.68306622,-1.1205135,0,0,1,1
19,中央财经大学,4111010034,财经类,本科,tier_4,北京市,11,北京市,1101,1.7123603,0.27547173,0.63390738,0.2120513,0,0,1,1
20,首都经济贸易大学,4111010038,财经类,本科,tier_4,北京市,11,北京市,1101,0.21622279,0.47906383,0.16976574,0.52604646,0,0,0,0
21,北京体育大学,4111010043,体育类,本科,tier_4,北京市,11,北京市,1101,0.03668629,0.08862757,-1.6633902,-0.82566441,0,0,1,1
22,中央民族大学,4111010052,民族类,本科,tier_4,北京市,11,北京市,1101,0.68833729,-0.02128076,0.44272755,0.69836088,0,1,1,1
23,中国政法大学,4111010053,政法类,本科,tier_4,北京市,11,北京市,1101,1.4197823,0.25610693,0.67107089,-1.3081448,0,0,1,1
24,华北电力大学,4111010054,理工类,本科,tier_4,北京市,11,北京市,1101,0.68168779,0.32676229,0.75957914,0.48392516,1,0,1,1
25,北京信息科技大学,4111011232,理工类,本科,tier_4,北京市,11,北京市,1101,-0.6349132,0.46650288,-1.6633902,-1.3081448,0,0,0,0
26,中国矿业大学（北京）,4111011413,综合类,本科,tier_4,北京市,11,北京市,1101,0.30266629,0.45289518,-0.29132521,-0.26277065,1,0,1,0
27,中国石油大学（北京）,4111011414,理工类,本科,tier_4,北京市,11,北京市,1101,0.00343879,0.18545158,0.20733329,-0.37381771,1,0,1,0
28,中国地质大学（北京）,4111011415,综合类,本科,tier_4,北京市,11,北京市,1101,0.37581079,0.21423709,-0.044764,0.97789316,1,0,1,0
29,南开大学,4112010055,综合类,本科,tier_4,天津市,12,天津市,1201,1.7589068,0.34822058,1.0480205,2.329604,1,1,1,1
30,天津大学,4112010056,理工类,本科,tier_4,天津市,12,天津市,1201,1.5328238,0.35031407,1.2567387,0.64092274,1,1,1,1
31,天津科技大学,4112010057,理工类,本科,tier_4,天津市,12,天津市,1201,-0.9673882,0.2236578,-1.6633902,-0.29340432,0,0,0,0
32,天津工业大学,4112010058,理工类,本科,tier_4,天津市,12,天津市,1201,-0.8476972,0.21737733,-1.6633902,-0.12874832,0,0,0,1
33,中国民航大学,4112010059,理工类,本科,tier_4,天津市,12,天津市,1201,-0.23594321,0.28436907,0.7410851,-0.94054069,0,0,0,0
34,天津医科大学,4112010062,医药类,本科,tier_4,天津市,12,天津市,1201,0.84127579,-0.02913136,-1.6633902,-0.00621362,0,0,1,1
35,天津师范大学,4112010065,师范类,本科,tier_4,天津市,12,天津市,1201,-0.7413052,0.16032967,-1.6633902,0.49158358,0,0,0,0
36,天津外国语大学,4112010068,语言类,本科,tier_4,天津市,12,天津市,1201,-0.15614921,-4.6863189,0.16846022,-3.3644301,0,0,0,0
37,天津财经大学,4112010070,财经类,本科,tier_4,天津市,12,天津市,1201,0.44230579,0.28175221,-1.6633902,-0.92905306,0,0,0,0
38,河北工业大学,4113010080,理工类,本科,tier_4,天津市,12,天津市,1201,0.56199679,0.18335808,-1.6633902,-0.88693176,0,0,1,1
39,华北理工大学,4113010081,综合类,本科,tier_4,河北省,13,唐山市,1302,-0.7280062,0.28698594,-1.6633902,-0.30106274,0,0,0,0
40,河北医科大学,4113010089,医药类,本科,tier_4,河北省,13,石家庄市,1301,0.09653179,0.27285487,-1.6633902,-0.78354311,0,0,0,0
41,石家庄铁道大学,4113010107,理工类,本科,tier_4,河北省,13,石家庄市,1301,-0.07635521,0.29640665,-1.6633902,-1.1741225,0,0,0,0
42,燕山大学,4113010216,理工类,本科,tier_4,河北省,13,秦皇岛市,1303,0.30266629,0.18335808,0.0637623,-0.67632525,0,0,0,0
43,中北大学,4114010110,理工类,本科,tier_4,山西省,14,太原市,1401,-0.6548617,0.03105654,-1.6633902,-1.5991647,0,0,0,0
44,太原理工大学,4114010112,理工类,本科,tier_4,山西省,14,太原市,1401,0.05663479,-0.0631506,-1.6633902,-0.37764692,0,0,1,1
45,山西财经大学,4114010125,财经类,本科,tier_4,山西省,14,太原市,1401,-0.44207771,-0.10502044,0.41169514,-0.95202831,0,0,0,0
46,辽宁大学,4121010140,综合类,本科,tier_4,辽宁省,21,沈阳市,2101,-0.10295321,0.31577145,0.59779631,-0.20916172,0,0,1,1
47,大连理工大学,4121010141,理工类,本科,tier_4,辽宁省,21,大连市,2102,1.0873073,0.17707761,0.83880543,0.499242,1,1,1,1
48,沈阳工业大学,4121010142,理工类,本科,tier_4,辽宁省,21,沈阳市,2101,-1.1203267,0.24720959,-1.6633902,-1.752333,0,0,0,0
49,东北大学,4121010145,理工类,本科,tier_4,辽宁省,21,沈阳市,2101,0.63514129,0.25610693,-1.6633902,-0.34318404,1,1,1,1
50,辽宁科技大学,4121010146,理工类,本科,tier_4,辽宁省,21,鞍山市,2103,-1.7520292,0.27442499,-1.6633902,-1.3579245,0,0,0,0
51,辽宁工程技术大学,4121010147,理工类,本科,tier_4,辽宁省,21,阜新市,2109,-1.0671307,0.17812435,-0.4424607,-2.0203777,0,0,0,0
52,大连海事大学,4121010151,理工类,本科,tier_4,辽宁省,21,大连市,2102,0.18962479,0.26605102,0.51379142,-0.36233009,0,0,1,1
53,沈阳建筑大学,4121010153,理工类,本科,tier_4,辽宁省,21,沈阳市,2101,-0.7612537,0.27233149,-1.6633902,-2.2156674,0,0,0,0
54,沈阳农业大学,4121010157,农业类,本科,tier_4,辽宁省,21,沈阳市,2101,-0.9008932,0.13625451,0.45537059,-0.94436989,0,0,0,0
55,中国医科大学,4121010159,医药类,本科,tier_4,辽宁省,21,沈阳市,2101,0.61519279,0.25610693,-1.6633902,-0.19001567,0,0,0,0
56,大连医科大学,4121010161,医药类,本科,tier_4,辽宁省,21,大连市,2102,0.21622279,0.25296669,-1.6633902,-0.29723353,0,0,0,0
57,沈阳药科大学,4121010163,医药类,本科,tier_4,辽宁省,21,沈阳市,2101,-0.23594321,0.30949098,-1.6633902,0.38819493,0,0,0,0
58,东北财经大学,4121010173,财经类,本科,tier_4,辽宁省,21,大连市,2102,0.61519279,0.25401344,0.19742742,0.4571207,0,0,0,0
59,吉林大学,4122010183,综合类,本科,tier_4,吉林省,22,长春市,2201,0.99421428,0.2121436,1.2248564,0.30012312,1,1,1,1
60,延边大学,4122010184,综合类,本科,tier_4,吉林省,22,延边朝鲜族自治州,2224,-0.5152222,-0.63153368,0.40677986,-0.43125585,0,0,1,1
61,长春理工大学,4122010186,理工类,本科,tier_4,吉林省,22,长春市,2201,-0.42877871,0.0666459,0.02547764,-0.96351594,0,0,0,0
62,东北电力大学,4122010188,理工类,本科,tier_4,吉林省,22,吉林市,2202,-0.5285212,-0.21231191,-0.69723986,-1.4230211,0,0,0,0
63,东北师范大学,4122010200,师范类,本科,tier_4,吉林省,22,长春市,2201,0.33591379,0.39375403,0.85401194,1.3072052,1,0,1,1
64,黑龙江大学,4123010212,综合类,本科,tier_4,黑龙江省,23,哈尔滨市,2301,-0.6615112,-0.05791687,0.18033928,0.84004162,0,0,0,0
65,哈尔滨工业大学,4123010213,理工类,本科,tier_4,黑龙江省,23,哈尔滨市,2301,1.2468953,0.29588328,1.0070041,0.82089558,1,1,1,1
66,哈尔滨理工大学,4123010214,理工类,本科,tier_4,黑龙江省,23,哈尔滨市,2301,-0.8942437,0.00436452,0.49086087,-1.1549764,0,0,0,0
67,哈尔滨工程大学,4123010217,理工类,本科,tier_4,黑龙江省,23,哈尔滨市,2301,0.68833729,0.24040574,0.52164403,-0.32020878,1,0,1,1
68,东北石油大学,4123010220,理工类,本科,tier_4,黑龙江省,23,大庆市,2306,-0.7479547,-0.46039071,-0.04570899,-1.055417,0,0,0,0
69,东北农业大学,4123010224,农业类,本科,tier_4,黑龙江省,23,哈尔滨市,2301,-0.09630371,0.26709776,0.37723132,-0.32403799,0,0,1,1
70,东北林业大学,4123010225,林业类,本科,tier_4,黑龙江省,23,哈尔滨市,2301,-0.08300471,0.18283471,0.2917964,-0.81417678,0,0,1,1
71,黑龙江中医药大学,4123010228,医药类,本科,tier_4,黑龙江省,23,哈尔滨市,2301,-1.0937287,-0.02075739,-0.0802407,0.40351177,0,0,0,0
72,哈尔滨商业大学,4123010240,财经类,本科,tier_4,黑龙江省,23,哈尔滨市,2301,-1.0006357,0.09752491,-0.46971649,-1.6719197,0,0,0,0
73,复旦大学,4131010246,综合类,本科,tier_4,上海市,31,上海市,3101,2.1312788,0.35188419,1.3683601,1.8854158,1,1,1,1
74,同济大学,4131010247,理工类,本科,tier_4,上海市,31,上海市,3101,1.8320513,0.4272499,1.1231544,0.47626674,1,1,1,1
75,上海交通大学,4131010248,综合类,本科,tier_4,上海市,31,上海市,3101,2.0647838,0.42620316,1.3369381,1.1387199,1,1,1,1
76,华东理工大学,4131010251,理工类,本科,tier_4,上海市,31,上海市,3101,0.89447178,0.38119308,0.49183325,1.0353313,1,0,1,1
77,上海理工大学,4131010252,理工类,本科,tier_4,上海市,31,上海市,3101,0.03003679,0.39898776,0.35217151,-0.71844655,0,0,0,0
78,上海海事大学,4131010254,理工类,本科,tier_4,上海市,31,上海市,3101,-0.5684182,0.43771736,0.26865049,0.10483344,0,0,0,0
79,东华大学,4131010255,理工类,本科,tier_4,上海市,31,上海市,3101,0.58194529,0.2896028,0.43762777,1.395277,0,0,1,1
80,上海电力大学,4131010256,理工类,本科,tier_4,上海市,31,上海市,3101,-1.1868217,0.37700609,0.07554887,0.30012312,0,0,0,0
81,上海应用技术大学,4131010259,理工类,本科,tier_4,上海市,31,上海市,3101,-1.4328532,0.4466147,0.32152503,-0.24745381,0,0,0,0
82,上海海洋大学,4131010264,农业类,本科,tier_4,上海市,31,上海市,3101,-1.0471822,0.32571554,-0.24566264,-0.04450572,0,0,0,1
83,上海财经大学,4131010272,财经类,本科,tier_4,上海市,31,上海市,3101,1.7788553,0.14253499,0.79680067,0.86301688,0,0,1,1
84,华东政法大学,4131010276,政法类,本科,tier_4,上海市,31,上海市,3101,0.60854329,-4.6873918,0.39648724,-1.0247833,0,0,0,0
85,上海立信会计金融学院,4131011047,财经类,本科,tier_4,上海市,31,上海市,3101,-0.5218717,-0.01709378,0.10816285,-0.99032041,0,0,0,0
86,上海电机学院,4131011458,理工类,本科,tier_4,上海市,31,上海市,3101,-1.7719777,0.45184843,-0.34758243,-1.6566028,0,0,0,0
87,上海第二工业大学,4131012044,理工类,本科,tier_4,上海市,31,上海市,3101,-1.4926987,0.40683836,-1.6633902,-0.2436246,0,0,0,0
88,南京大学,4132010284,综合类,本科,tier_4,江苏省,32,南京市,3201,1.9251443,0.17079713,1.0977242,2.0270965,1,1,1,1
89,苏州大学,4132010285,综合类,本科,tier_4,江苏省,32,苏州市,3205,0.66838879,0.12055332,0.90203386,1.7781979,0,0,1,1
90,东南大学,4132010286,综合类,本科,tier_4,江苏省,32,南京市,3201,1.4862773,0.40631498,0.90385772,0.88982134,1,1,1,1
91,南京航空航天大学,4132010287,理工类,本科,tier_4,江苏省,32,南京市,3201,0.99421428,0.45080169,0.29446291,-0.12491911,1,0,1,1
92,南京理工大学,4132010288,理工类,本科,tier_4,江苏省,32,南京市,3201,0.82132729,0.44138097,0.72678484,0.27714786,1,0,1,1
93,江苏科技大学,4132010289,理工类,本科,tier_4,江苏省,32,镇江市,3211,-0.6083152,0.42672653,0.51312537,-0.55379055,0,0,0,0
94,中国矿业大学,4132010290,理工类,本科,tier_4,江苏省,32,徐州市,3203,0.10318129,0.43091351,0.745219,0.11249186,1,0,1,1
95,南京工业大学,4132010291,理工类,本科,tier_4,江苏省,32,南京市,3201,-0.12955121,0.25191995,0.15665936,0.80940795,0,0,0,0
96,常州大学,4132010292,理工类,本科,tier_4,江苏省,32,常州市,3204,-0.7612537,0.34036998,0.35571432,-0.05982255,0,0,0,0
97,南京邮电大学,4132010293,综合类,本科,tier_4,江苏省,32,南京市,3201,0.12977929,0.44975494,0.39219299,0.69070246,0,0,0,1
98,河海大学,4132010294,理工类,本科,tier_4,江苏省,32,南京市,3201,0.57529579,0.29326641,0.85062392,-0.39296376,1,0,1,1
99,江南大学,4132010295,综合类,本科,tier_4,江苏省,32,无锡市,3202,0.51545029,0.3827632,0.77582927,0.50307121,0,0,1,1
100,南京林业大学,4132010298,林业类,本科,tier_4,江苏省,32,南京市,3201,-1.2533167,0.40160463,0.01290898,-0.56910739,0,0,0,1
101,江苏大学,4132010299,综合类,本科,tier_4,江苏省,32,镇江市,3211,-0.13620071,0.31367796,0.36276651,0.1278087,0,0,0,0
102,南京信息工程大学,4132010300,理工类,本科,tier_4,江苏省,32,南京市,3201,-0.13620071,0.43614724,-0.47152572,1.4680319,0,0,0,1
103,南京农业大学,4132010307,农业类,本科,tier_4,江苏省,32,南京市,3201,0.23617129,0.20167614,0.58259885,0.98938078,1,0,1,1
104,南京中医药大学,4132010315,医药类,本科,tier_4,江苏省,32,南京市,3201,-0.4952737,0.13677789,1.0222471,-0.70312971,0,0,0,1
105,中国药科大学,4132010316,医药类,本科,tier_4,江苏省,32,南京市,3201,0.59524429,0.4136422,0.70090813,0.44946228,0,0,1,1
106,苏州科技大学,4132010332,理工类,本科,tier_4,江苏省,32,苏州市,3205,-0.7745527,0.35711792,0.39761302,-0.18235725,0,0,0,0
107,南京审计大学,4132011287,财经类,本科,tier_4,江苏省,32,南京市,3201,0.26276929,0.40631498,-0.40796032,-0.30489195,0,0,0,0
108,西交利物浦大学,4132016403,理工类,本科,tier_4,江苏省,32,苏州市,3205,-0.13620071,0.47068986,0.84688223,1.3493265,0,0,0,0
109,浙江大学,4133010335,综合类,本科,tier_4,浙江省,33,杭州市,3301,1.7855048,0.3168182,1.5055338,0.96640553,1,1,1,1
110,杭州电子科技大学,4133010336,理工类,本科,tier_4,浙江省,33,杭州市,3301,0.00343879,0.33461288,0.04903479,0.5413633,0,0,0,0
111,浙江工业大学,4133010337,理工类,本科,tier_4,浙江省,33,杭州市,3301,0.24947029,0.32623891,0.36841445,-0.06365176,0,0,0,0
112,浙江师范大学,4133010345,师范类,本科,tier_4,浙江省,33,金华市,3307,-0.23594321,-4.6866172,0.63893916,0.90130897,0,0,0,0
113,浙江工商大学,4133010353,财经类,本科,tier_4,浙江省,33,杭州市,3301,-0.06305621,0.32937915,-0.0151955,-0.23213697,0,0,0,0
114,中国计量大学,4133010356,理工类,本科,tier_4,浙江省,33,杭州市,3301,-0.8476972,0.35345431,-0.21596615,-0.14406516,0,0,0,0
115,浙江财经大学,4133011482,财经类,本科,tier_4,浙江省,33,杭州市,3301,-0.25589171,-4.6858426,0.5255375,0.5413633,0,0,0,0
116,宁波诺丁汉大学,4133016301,综合类,本科,tier_4,浙江省,33,宁波市,3302,0.28936729,-4.6858217,0.79306037,2.6091363,0,0,0,0
117,中国科学技术大学,4134010358,理工类,本科,tier_4,安徽省,34,合肥市,3401,2.1711758,0.16189979,1.0273547,2.5631858,1,1,1,1
118,合肥工业大学,4134010359,理工类,本科,tier_4,安徽省,34,合肥市,3401,0.28271779,0.28907943,0.74026241,0.32309837,0,0,1,1
119,安徽理工大学,4134010361,理工类,本科,tier_4,安徽省,34,淮南市,3404,-1.5990907,0.27547173,-0.02197118,-1.5264097,0,0,0,0
120,安徽农业大学,4134010364,农业类,本科,tier_4,安徽省,34,合肥市,3401,-1.4727502,0.21109685,-1.6633902,-0.36233009,0,0,0,0
121,安徽财经大学,4134010378,财经类,本科,tier_4,安徽省,34,蚌埠市,3403,-0.5950162,0.19487229,-1.6633902,0.19673447,0,0,0,0
122,厦门大学,4135010384,综合类,本科,tier_4,福建省,35,厦门市,3502,1.2269468,0.18806844,1.4584574,1.5714206,1,1,1,1
123,福州大学,4135010386,理工类,本科,tier_4,福建省,35,福州市,3501,0.20957329,0.1655634,0.36241284,1.5101532,0,0,1,1
124,福建农林大学,4135010389,农业类,本科,tier_4,福建省,35,福州市,3501,-1.2466672,0.3032105,0.1840508,0.26183102,0,0,0,0
125,南昌大学,4136010403,综合类,本科,tier_4,江西省,36,南昌市,3601,-0.46867571,-0.20969504,-1.6633902,0.11632107,0,0,1,1
126,华东交通大学,4136010404,理工类,本科,tier_4,江西省,36,南昌市,3601,-1.1070277,-0.04326243,-1.6633902,-1.074563,0,0,0,0
127,东华理工大学,4136010405,理工类,本科,tier_4,江西省,36,抚州市,3610,-1.8983182,-0.21335865,-1.6633902,-0.25511223,0,0,0,0
128,江西理工大学,4136010407,理工类,本科,tier_4,江西省,36,赣州市,3607,-1.7054827,0.23360189,-1.6633902,-0.81800599,0,0,0,0
129,江西师范大学,4136010414,师范类,本科,tier_4,江西省,36,南昌市,3601,-1.2732652,0.01273848,0.5147081,0.89365055,0,0,0,0
130,江西财经大学,4136010421,财经类,本科,tier_4,江西省,36,南昌市,3601,-0.23594321,-0.04273905,0.40569585,0.83621241,0,0,0,0
131,山东大学,4137010422,综合类,本科,tier_4,山东省,37,济南市,3701,0.92771928,0.07240301,0.79498262,0.85535846,1,1,1,1
132,中国海洋大学,4137010423,综合类,本科,tier_4,山东省,37,青岛市,3702,0.70163629,0.17027376,0.47119139,0.4188286,0,1,1,1
133,山东科技大学,4137010424,综合类,本科,tier_4,山东省,37,青岛市,3702,-0.9673882,0.35868804,0.10833053,-0.5346445,0,0,0,0
134,中国石油大学（华东）,4137010425,理工类,本科,tier_4,山东省,37,青岛市,3702,0.25611979,0.34560371,0.35278603,-0.42359743,1,0,1,0
135,青岛科技大学,4137010426,理工类,本科,tier_4,山东省,37,青岛市,3702,-0.9939862,0.0085515,0.09471685,0.53370488,0,0,0,0
136,济南大学,4137010427,综合类,本科,tier_4,山东省,37,济南市,3701,-1.1801722,0.16608677,0.2601794,1.4527151,0,0,0,0
137,山东理工大学,4137010433,理工类,本科,tier_4,山东省,37,淄博市,3703,-1.4793997,0.10066515,0.23404104,-0.7797139,0,0,0,0
138,山东师范大学,4137010445,师范类,本科,tier_4,山东省,37,济南市,3701,-0.4952737,0.04937459,0.58601193,-0.12491911,0,0,0,0
139,山东财经大学,4137010456,财经类,本科,tier_4,山东省,37,济南市,3701,-0.7213567,0.22784479,0.22786468,-0.10960227,0,0,0,0
140,青岛大学,4137011065,综合类,本科,tier_4,山东省,37,青岛市,3702,-0.44207771,0.00593464,0.31779796,0.17375921,0,0,0,0
141,华北水利水电大学,4141010078,理工类,本科,tier_4,河南省,41,郑州市,4101,-1.2400177,0.23621876,-1.6633902,-1.6336276,0,0,0,0
142,郑州大学,4141010459,综合类,本科,tier_4,河南省,41,郑州市,4101,-0.8543467,0.13154416,0.31559119,-0.23979539,0,0,1,1
143,河南大学,4141010475,综合类,本科,tier_4,河南省,41,开封市,4102,-0.6216142,0.04623436,0.576924,-0.08279781,0,0,0,1
144,河南师范大学,4141010476,师范类,本科,tier_4,河南省,41,新乡市,4107,-0.9208417,0.03786039,-1.6633902,0.499242,0,0,0,0
145,武汉大学,4142010486,综合类,本科,tier_4,湖北省,42,武汉市,4201,1.6591643,0.31420133,1.0893355,1.0353313,1,1,1,1
146,华中科技大学,4142010487,综合类,本科,tier_4,湖北省,42,武汉市,4201,1.5261743,0.20795661,0.84252485,1.4680319,1,1,1,1
147,武汉科技大学,4142010488,理工类,本科,tier_4,湖北省,42,武汉市,4201,0.10318129,0.20900336,-0.27621617,-0.64186236,0,0,0,0
148,长江大学,4142010489,综合类,本科,tier_4,湖北省,42,荆州市,4210,-0.8410477,0.13206753,0.3434651,-0.90990701,0,0,0,0
149,武汉工程大学,4142010490,理工类,本科,tier_4,湖北省,42,武汉市,4201,-0.46202621,0.20900336,-0.01603223,0.15844237,0,0,0,0
150,中国地质大学（武汉）,4142010491,理工类,本科,tier_4,湖北省,42,武汉市,4201,0.38910979,0.30844423,0.42450435,0.65241037,1,0,1,0
151,武汉理工大学,4142010497,理工类,本科,tier_4,湖北省,42,武汉市,4201,0.66173929,0.30425725,0.79043285,0.57965539,0,0,1,1
152,湖北工业大学,4142010500,理工类,本科,tier_4,湖北省,42,武汉市,4201,-0.36228371,0.30635074,0.42970484,-0.64569157,0,0,0,0
153,华中农业大学,4142010504,农业类,本科,tier_4,湖北省,42,武汉市,4201,0.28271779,0.28855606,-1.6633902,1.2038165,0,0,1,1
154,华中师范大学,4142010511,师范类,本科,tier_4,湖北省,42,武汉市,4201,0.59524429,0.14933884,0.71403736,2.5899903,0,0,1,1
155,湖北大学,4142010512,综合类,本科,tier_4,湖北省,42,武汉市,4201,0.01008829,0.07868348,0.55750307,0.38436572,0,0,0,0
156,中南财经政法大学,4142010520,财经类,本科,tier_4,湖北省,42,武汉市,4201,1.0407608,0.1713205,0.37689806,0.50307121,0,0,1,1
157,中南民族大学,4142010524,民族类,本科,tier_4,湖北省,42,武汉市,4201,-0.6149647,-0.02389763,0.25927978,0.64092274,0,0,0,0
158,三峡大学,4142011075,综合类,本科,tier_4,湖北省,42,宜昌市,4205,-0.42212921,0.18388146,-1.6633902,-0.2436246,0,0,0,0
159,湘潭大学,4143010530,综合类,本科,tier_4,湖南省,43,湘潭市,4303,-0.19604621,-4.6874285,0.24556132,0.79409111,0,0,0,0
160,湖南大学,4143010532,综合类,本科,tier_4,湖南省,43,长沙市,4301,0.98091528,0.28175221,0.54651517,1.0889402,1,1,1,1
161,中南大学,4143010533,综合类,本科,tier_4,湖南省,43,长沙市,4301,1.1006063,0.27651848,0.97627735,0.51838804,1,1,1,1
162,湖南科技大学,4143010534,综合类,本科,tier_4,湖南省,43,湘潭市,4303,-0.8144497,0.1461986,-1.6633902,-0.87161492,0,0,0,0
163,长沙理工大学,4143010536,理工类,本科,tier_4,湖南省,43,长沙市,4301,-0.29578871,0.29431316,-0.05569539,-0.80651836,0,0,0,0
164,湖南农业大学,4143010537,农业类,本科,tier_4,湖南省,43,长沙市,4301,-1.0405327,0.1655634,-0.18000222,0.18524684,0,0,0,0
165,中南林业科技大学,4143010538,林业类,本科,tier_4,湖南省,43,长沙市,4301,-0.8277487,0.07658999,-1.6633902,-0.9864912,0,0,0,0
166,湖南中医药大学,4143010541,医药类,本科,tier_4,湖南省,43,长沙市,4301,-0.6947587,0.22627467,-1.6633902,-0.79885994,0,0,0,0
167,湖南师范大学,4143010542,师范类,本科,tier_4,湖南省,43,长沙市,4301,0.22287229,0.11950658,0.64370197,0.18907605,0,0,1,1
168,南华大学,4143010555,综合类,本科,tier_4,湖南省,43,衡阳市,4304,-0.8410477,0.06716928,-0.10592002,-0.67632525,0,0,0,0
169,湖南工业大学,4143011535,理工类,本科,tier_4,湖南省,43,株洲市,4302,-1.3996057,-0.08094528,-1.6633902,1.2995467,0,0,0,0
170,中山大学,4144010558,综合类,本科,tier_4,广东省,44,广州市,4401,1.4397308,0.07868348,1.2346438,1.6288587,1,1,1,1
171,暨南大学,4144010559,综合类,本科,tier_4,广东省,44,广州市,4401,0.67503829,0.34246348,0.99702155,0.29629391,0,0,1,1
172,华南理工大学,4144010561,理工类,本科,tier_4,广东省,44,广州市,4401,1.0208123,0.44452121,0.96257699,1.3454972,1,1,1,1
173,广州中医药大学,4144010572,医药类,本科,tier_4,广东省,44,广州市,4401,-0.5750677,0.36287502,-0.11081976,-0.89841938,0,0,0,1
174,广州大学,4144011078,综合类,本科,tier_4,广东省,44,广州市,4401,-0.6881092,0.27494836,0.41140575,-0.28191669,0,0,0,0
175,广东工业大学,4144011845,理工类,本科,tier_4,广东省,44,广州市,4401,-0.6282637,0.34560371,0.45837174,0.42648702,0,0,0,0
176,南方医科大学,4144012121,医药类,本科,tier_4,广东省,44,广州市,4401,0.23617129,0.36758538,-1.6633902,-0.0368473,0,0,0,0
177,北京师范大学-香港浸会大学联合国际学院,4144016401,综合类,本科,tier_4,广东省,44,珠海市,4404,1.7057108,0.43876411,1.288225,1.395277,0,0,0,0
178,广西大学,4145010593,综合类,本科,tier_4,广西壮族自治区,45,南宁市,4501,0.26941879,0.01954233,0.19285247,-0.39679297,0,0,1,1
179,海南大学,4146010589,综合类,本科,tier_4,海南省,46,海口市,4601,-0.6349132,-0.29448147,0.27608085,-0.07131018,0,0,1,1
180,海南医学院,4146011810,医药类,本科,tier_4,海南省,46,海口市,4601,-1.7586787,0.00488789,-1.6633902,-0.76822627,0,0,0,0
181,重庆大学,4150010611,综合类,本科,tier_4,重庆市,50,重庆市,5001,0.95431728,0.24040574,0.74526773,0.11249186,1,1,1,1
182,重庆邮电大学,4150010617,理工类,本科,tier_4,重庆市,50,重庆市,5001,-0.5950162,0.13677789,0.24906409,-0.72227576,0,0,0,0
183,重庆交通大学,4150010618,理工类,本科,tier_4,重庆市,50,重庆市,5001,-0.8210992,0.27076137,-1.6633902,-1.1970977,0,0,0,0
184,重庆医科大学,4150010631,医药类,本科,tier_4,重庆市,50,重庆市,5001,-0.29578871,0.0336734,-1.6633902,0.15078396,0,0,0,0
185,西南大学,4150010635,综合类,本科,tier_4,重庆市,50,重庆市,5001,0.10983079,0.18545158,0.73571241,0.89747976,0,0,1,1
186,重庆师范大学,4150010637,师范类,本科,tier_4,重庆市,50,重庆市,5001,-1.2001207,0.16085304,-0.02456157,-0.06365176,0,0,0,0
187,西南政法大学,4150010652,政法类,本科,tier_4,重庆市,50,重庆市,5001,0.13642879,-4.6882188,-0.64019957,-0.88693176,0,0,0,0
188,重庆理工大学,4150011660,理工类,本科,tier_4,重庆市,50,重庆市,5001,-1.1269762,0.16242316,0.32298616,-0.80651836,0,0,0,0
189,重庆工商大学,4150011799,综合类,本科,tier_4,重庆市,50,重庆市,5001,-1.0006357,0.00645801,-1.6633902,1.1425492,0,0,0,0
190,四川大学,4151010610,综合类,本科,tier_4,四川省,51,成都市,5101,1.0806578,0.25244332,0.95200333,0.33841521,1,1,1,1
191,西南交通大学,4151010613,理工类,本科,tier_4,四川省,51,成都市,5101,0.48885229,0.35711792,0.96892903,-0.33169641,1,0,1,1
192,电子科技大学,4151010614,理工类,本科,tier_4,四川省,51,成都市,5101,1.0607093,0.2896028,0.82834781,0.65623958,1,1,1,1
193,西南石油大学,4151010615,理工类,本科,tier_4,四川省,51,成都市,5101,-1.0538317,0.05146809,0.22765953,-0.90224859,0,0,0,1
194,成都理工大学,4151010616,理工类,本科,tier_4,四川省,51,成都市,5101,-0.7546042,0.17027376,-0.21093553,-1.2239022,0,0,0,1
195,成都信息工程大学,4151010621,理工类,本科,tier_4,四川省,51,成都市,5101,-1.2333682,0.0472811,0.02047974,-1.3426077,0,0,0,0
196,四川农业大学,4151010626,农业类,本科,tier_4,四川省,51,雅安市,5118,-0.5817172,0.30530399,-1.6633902,-0.28957511,0,0,1,1
197,四川师范大学,4151010636,师范类,本科,tier_4,四川省,51,成都市,5101,-0.8742952,0.15718943,-1.6633902,-0.51549846,0,0,0,0
198,西南财经大学,4151010651,财经类,本科,tier_4,四川省,51,成都市,5101,1.1405033,0.24825634,-1.6633902,0.5834846,0,0,1,1
199,西南民族大学,4151010656,民族类,本科,tier_4,四川省,51,成都市,5101,-0.9673882,0.29797677,0.11898726,-0.07513939,0,0,0,0
200,贵州大学,4152010657,综合类,本科,tier_4,贵州省,52,贵阳市,5201,-0.8011507,-0.10345032,0.23918514,-0.50401083,0,0,1,1
201,云南大学,4153010673,综合类,本科,tier_4,云南省,53,昆明市,5301,0.05663479,0.23517201,-1.6633902,-0.03301809,0,0,1,1
202,昆明理工大学,4153010674,理工类,本科,tier_4,云南省,53,昆明市,5301,-1.2134197,0.07606662,-0.25517817,-0.91756543,0,0,0,0
203,西北大学,4161010697,综合类,本科,tier_4,陕西省,61,西安市,6101,0.34256329,-0.16730183,-1.6633902,0.57582618,0,0,1,1
204,西安交通大学,4161010698,综合类,本科,tier_4,陕西省,61,西安市,6101,1.6059683,0.36496852,0.90396609,0.82089558,1,1,1,1
205,西北工业大学,4161010699,理工类,本科,tier_4,陕西省,61,西安市,6101,1.1737508,0.30687411,1.0261196,0.10100423,1,1,1,1
206,西安理工大学,4161010700,理工类,本科,tier_4,陕西省,61,西安市,6101,-0.36893321,0.13939475,-1.6633902,-1.1856101,0,0,0,0
207,西安电子科技大学,4161010701,理工类,本科,tier_4,陕西省,61,西安市,6101,0.84792529,0.39323066,0.73236895,-0.08662702,1,0,1,1
208,西安工业大学,4161010702,理工类,本科,tier_4,陕西省,61,西安市,6101,-1.2732652,0.10118852,-1.6633902,-1.1434888,0,0,0,0
209,西安建筑科技大学,4161010703,理工类,本科,tier_4,陕西省,61,西安市,6101,-0.45537671,0.14672197,0.85539277,-1.6834073,0,0,0,0
210,西安科技大学,4161010704,理工类,本科,tier_4,陕西省,61,西安市,6101,-1.1203267,0.11008586,0.16209449,-1.6029939,0,0,0,0
211,西安石油大学,4161010705,理工类,本科,tier_4,陕西省,61,西安市,6101,-1.2666157,-0.00767306,-0.19236886,-1.9859148,0,0,0,0
212,陕西科技大学,4161010708,理工类,本科,tier_4,陕西省,61,西安市,6101,-0.8343982,0.20900336,-1.6633902,-1.0286125,0,0,0,0
213,长安大学,4161010710,理工类,本科,tier_4,陕西省,61,西安市,6101,0.32926429,0.16922701,0.12343782,-1.4996052,0,0,1,1
214,西北农林科技大学,4161010712,农业类,本科,tier_4,陕西省,61,咸阳市,6104,0.17632579,0.29117292,0.67027303,0.38819493,1,1,1,1
215,陕西师范大学,4161010718,师范类,本科,tier_4,陕西省,61,西安市,6101,0.25611979,0.12578705,0.54761983,0.52987567,0,0,1,1
216,西北政法大学,4161010726,政法类,本科,tier_4,陕西省,61,西安市,6101,-0.45537671,-4.6933792,-1.6633902,-3.3644301,0,0,0,0
217,西安邮电大学,4161011664,理工类,本科,tier_4,陕西省,61,西安市,6101,-0.7147072,0.12160007,-1.6633902,-1.0477585,0,0,0,0
218,兰州大学,4162010730,综合类,本科,tier_4,甘肃省,62,兰州市,6201,0.61519279,-0.07414143,0.59701028,0.85918767,1,1,1,1
219,兰州交通大学,4162010732,理工类,本科,tier_4,甘肃省,62,兰州市,6201,-1.0471822,0.28803268,-0.00725214,-1.2047561,0,0,0,0
220,甘肃中医药大学,4162010735,医药类,本科,tier_4,甘肃省,62,兰州市,6201,-1.6256887,-0.02651449,-1.6633902,-1.0669046,0,0,0,0
221,青海大学,4163010743,综合类,本科,tier_4,青海省,63,西宁市,6301,-1.4993482,0.02582281,-0.97394215,-1.1932685,0,0,1,1
222,宁夏大学,4164010749,综合类,本科,tier_4,宁夏回族自治区,64,银川市,6401,-1.1136772,0.12631043,-1.6633902,-0.70695892,0,0,1,1
223,宁夏医科大学,4164010752,医药类,本科,tier_4,宁夏回族自治区,64,银川市,6401,-0.8144497,0.00331777,-1.6633902,-0.06748097,0,0,0,0
224,北方民族大学,4164011407,民族类,本科,tier_4,宁夏回族自治区,64,银川市,6401,-2.0512567,0.10589888,0.5074062,-0.41976823,0,0,0,0
225,新疆大学,4165010755,综合类,本科,tier_4,新疆维吾尔自治区,65,乌鲁木齐市,6501,-1.0139347,-0.13223584,-0.27459387,-0.44657269,0,0,1,1
226,石河子大学,4165010759,综合类,本科,tier_4,新疆维吾尔自治区,65,石河子市,659001,-1.2533167,-0.02599112,0.23313956,-0.58442422,0,0,1,1
